"pathway_id","pathway_description","NES","p.adjust","direction","n_core_genes","n_ko_hits","ko_genes_hit","ko_ranks_hit","ko_scores_hit","ko_modules_hit"
"GO:0002478","antigen processing and presentation of exogenous peptide antigen",2.39051062991412,3.0690828580013e-07,"activated",30,1,"IKBKB","39","1.464","signalling"
"GO:0019884","antigen processing and presentation of exogenous antigen",2.3876832262972,6.60058023152117e-07,"activated",36,1,"IKBKB","39","1.464","signalling"
"GO:0048002","antigen processing and presentation of peptide antigen",2.38415896072741,3.88262398176805e-08,"activated",41,1,"IKBKB","39","1.464","signalling"
"GO:0019882","antigen processing and presentation",2.32862249427727,1.16320754716981e-08,"activated",61,1,"IKBKB","39","1.464","signalling"
"GO:0002223","stimulatory C-type lectin receptor signaling pathway",2.29222889032389,7.5204103403543e-06,"activated",16,2,"IKBKB; KLRD1","39; 45","1.464; 1.32","signalling; immune"
"GO:1990840","response to lectin",2.29222889032389,7.5204103403543e-06,"activated",16,2,"IKBKB; KLRD1","39; 45","1.464; 1.32","signalling; immune"
"GO:1990858","cellular response to lectin",2.29222889032389,7.5204103403543e-06,"activated",16,2,"IKBKB; KLRD1","39; 45","1.464; 1.32","signalling; immune"
"GO:0031341","regulation of cell killing",2.2922204549509,4.36305738944635e-08,"activated",55,2,"PRF1; KLRD1","2; 45","3.151; 1.32","immune; immune"
"GO:0002456","T cell mediated immunity",2.24570299542953,2.3226549367132e-08,"activated",67,3,"PRF1; KLRD1; CD46","2; 45; 63","3.151; 1.32; 1.069","immune; immune; uncharacterised"
"GO:0031343","positive regulation of cell killing",2.22718976448332,1.63695110479705e-06,"activated",39,2,"PRF1; KLRD1","2; 45","3.151; 1.32","immune; immune"
"GO:0038093","Fc receptor signaling pathway",2.211113882915,1.28469901757732e-05,"activated",35,1,"IKBKB","39","1.464","signalling"
"GO:0002715","regulation of natural killer cell mediated immunity",2.2009831465261,2.68905114201984e-05,"activated",25,1,"KLRD1","45","1.32","immune"
"GO:0002704","negative regulation of leukocyte mediated immunity",2.19951232275831,3.35751404028603e-06,"activated",41,2,"KLRD1; CD46","45; 63","1.32; 1.069","immune; uncharacterised"
"GO:0001910","regulation of leukocyte mediated cytotoxicity",2.18744153152866,1.79056286063822e-06,"activated",46,1,"KLRD1","45","1.32","immune"
"GO:0002429","immune response-activating cell surface receptor signaling pathway",2.18226501171138,1.16320754716981e-08,"activated",137,3,"IKBKB; KLRD1; PDE4B","39; 45; 148","1.464; 1.32; 0.191","signalling; immune; uncharacterised"
"GO:0002707","negative regulation of lymphocyte mediated immunity",2.17966335050952,3.20036996118275e-05,"activated",35,2,"KLRD1; CD46","45; 63","1.32; 1.069","immune; uncharacterised"
"GO:0042088","T-helper 1 type immune response",2.15890960765766,5.90299409404232e-05,"activated",24,1,"HLX","47","1.312","uncharacterised"
"GO:0001912","positive regulation of leukocyte mediated cytotoxicity",2.15323086932315,1.29794158321488e-05,"activated",34,1,"KLRD1","45","1.32","immune"
"GO:0002768","immune response-regulating cell surface receptor signaling pathway",2.15175054528646,1.16320754716981e-08,"activated",157,3,"IKBKB; KLRD1; PDE4B","39; 45; 148","1.464; 1.32; 0.191","signalling; immune; uncharacterised"
"GO:0002706","regulation of lymphocyte mediated immunity",2.1458233782827,2.2647699165098e-08,"activated",90,3,"IL10; KLRD1; CD46","36; 45; 63","1.539; 1.32; 1.069","immune; immune; uncharacterised"
"GO:0002220","innate immune response activating cell surface receptor signaling pathway",2.13564029784271,5.79422335229987e-06,"activated",44,2,"IKBKB; KLRD1","39; 45","1.464; 1.32","signalling; immune"
"GO:0002250","adaptive immune response",2.12927122407299,1.16320754716981e-08,"activated",192,10,"PRF1; TREM1; GPR183; IL10; KLRD1; HLX; CD86; CD46; STAT5A; SOCS3","2; 11; 35; 36; 45; 47; 57; 63; 96; 103","3.151; 2.127; 1.552; 1.539; 1.32; 1.312; 1.164; 1.069; 0.63; 0.563","immune; immune; uncharacterised; immune; immune; uncharacterised; immune; uncharacterised; signalling; signalling"
"GO:0002716","negative regulation of natural killer cell mediated immunity",2.12681036620946,0.000295492239339669,"activated",12,1,"KLRD1","45","1.32","immune"
"GO:0002703","regulation of leukocyte mediated immunity",2.12671888617616,1.16320754716981e-08,"activated",113,3,"IL10; KLRD1; CD46","36; 45; 63","1.539; 1.32; 1.069","immune; immune; uncharacterised"
"GO:0002819","regulation of adaptive immune response",2.12411048796925,1.16320754716981e-08,"activated",102,5,"IL10; KLRD1; HLX; CD46; STAT5A","36; 45; 47; 63; 96","1.539; 1.32; 1.312; 1.069; 0.63","immune; immune; uncharacterised; uncharacterised; signalling"
"GO:0070498","interleukin-1-mediated signaling pathway",2.11797165225389,0.000196315701261368,"activated",21,2,"RPS6KA5; IKBKB","23; 39","1.774; 1.464","signalling; signalling"
"GO:0002709","regulation of T cell mediated immunity",2.11536548188842,9.11991663430388e-06,"activated",53,1,"KLRD1","45","1.32","immune"
"GO:0042269","regulation of natural killer cell mediated cytotoxicity",2.10826696469101,0.000338184231295601,"activated",22,1,"KLRD1","45","1.32","immune"
"GO:0002717","positive regulation of natural killer cell mediated immunity",2.10612063894159,0.00024030395274444,"activated",19,1,"KLRD1","45","1.32","immune"
"GO:0002822","regulation of adaptive immune response based on somatic recombination of immune receptors built from immunoglobulin superfamily domains",2.10526266744589,9.38368063487455e-08,"activated",94,5,"IL10; KLRD1; HLX; CD46; STAT5A","36; 45; 47; 63; 96","1.539; 1.32; 1.312; 1.069; 0.63","immune; immune; uncharacterised; uncharacterised; signalling"
"GO:0045953","negative regulation of natural killer cell mediated cytotoxicity",2.08484395846423,0.00145889787283411,"activated",11,1,"KLRD1","45","1.32","immune"
"GO:0002757","immune response-activating signaling pathway",2.0843129354942,1.16320754716981e-08,"activated",200,4,"IKBKB; KLRD1; PRKDC; PDE4B","39; 45; 46; 148","1.464; 1.32; 1.313; 0.191","signalling; immune; uncharacterised; uncharacterised"
"GO:0002708","positive regulation of lymphocyte mediated immunity",2.08097442895047,2.16689491181689e-06,"activated",61,1,"KLRD1","45","1.32","immune"
"GO:0002705","positive regulation of leukocyte mediated immunity",2.0747487515194,1.48341074156426e-06,"activated",69,1,"KLRD1","45","1.32","immune"
"GO:0006968","cellular defense response",2.07023976035746,0.000246725503549152,"activated",23,1,"PRF1","2","3.151","immune"
"GO:0001782","B cell homeostasis",2.06841832320965,0.000952451450776088,"activated",19,1,"HIF1A","1","3.18","signalling"
"GO:0002825","regulation of T-helper 1 type immune response",2.0649805665467,0.000497721415674026,"activated",16,1,"HLX","47","1.312","uncharacterised"
"GO:0045088","regulation of innate immune response",2.06238823143944,1.16320754716981e-08,"activated",190,3,"IKBKB; KLRD1; PRKDC","39; 45; 46","1.464; 1.32; 1.313","signalling; immune; uncharacterised"
"GO:0001911","negative regulation of leukocyte mediated cytotoxicity",2.05387379695406,0.00201686172570847,"activated",15,1,"KLRD1","45","1.32","immune"
"GO:0001914","regulation of T cell mediated cytotoxicity",2.05338167231341,0.00090892216320287,"activated",25,1,"KLRD1","45","1.32","immune"
"GO:0050851","antigen receptor-mediated signaling pathway",2.05185404425432,1.92320937036346e-07,"activated",96,2,"IKBKB; PDE4B","39; 148","1.464; 0.191","signalling; uncharacterised"
"GO:0060397","growth hormone receptor signaling pathway via JAK-STAT",2.04280139865677,0.000611096623053487,"activated",8,1,"STAT5A","96","0.63","signalling"
"GO:0002286","T cell activation involved in immune response",2.03868577956819,6.40363077833489e-06,"activated",59,6,"GPR183; HLX; CD86; CD46; STAT5A; SOCS3","35; 47; 57; 63; 96; 103","1.552; 1.312; 1.164; 1.069; 0.63; 0.563","uncharacterised; uncharacterised; immune; uncharacterised; signalling; signalling"
"GO:0001913","T cell mediated cytotoxicity",2.03813834232949,0.000310806208082714,"activated",27,2,"PRF1; KLRD1","2; 45","3.151; 1.32","immune; immune"
"GO:0002820","negative regulation of adaptive immune response",2.03794404230395,0.000108248880598258,"activated",37,3,"KLRD1; CD46; STAT5A","45; 63; 96","1.32; 1.069; 0.63","immune; uncharacterised; signalling"
"GO:0045089","positive regulation of innate immune response",2.03531642230625,1.16320754716981e-08,"activated",161,3,"IKBKB; KLRD1; PRKDC","39; 45; 46","1.464; 1.32; 1.313","signalling; immune; uncharacterised"
"GO:0002710","negative regulation of T cell mediated immunity",2.0239353738594,0.00159202889924362,"activated",21,1,"KLRD1","45","1.32","immune"
"GO:0002823","negative regulation of adaptive immune response based on somatic recombination of immune receptors built from immunoglobulin superfamily domains",2.02288708655802,0.000137506915882476,"activated",34,3,"KLRD1; CD46; STAT5A","45; 63; 96","1.32; 1.069; 0.63","immune; uncharacterised; signalling"
"GO:0031342","negative regulation of cell killing",2.02229396184766,0.00121963775370319,"activated",16,1,"KLRD1","45","1.32","immune"
"GO:0050852","T cell receptor signaling pathway",2.02190811501874,9.63225943920449e-06,"activated",67,2,"IKBKB; PDE4B","39; 148","1.464; 0.191","signalling; uncharacterised"
"GO:0002833","positive regulation of response to biotic stimulus",2.0062965386514,1.16320754716981e-08,"activated",168,3,"IKBKB; KLRD1; PRKDC","39; 45; 46","1.464; 1.32; 1.313","signalling; immune; uncharacterised"
"GO:0034341","response to type II interferon",2.00435367301458,2.8916554874048e-05,"activated",55,2,"RAF1; FASLG","21; 144","1.863; 0.213","signalling; immune"
"GO:0032729","positive regulation of type II interferon production",1.99663733190763,0.000189642700658337,"activated",33,1,"PDE4B","148","0.191","uncharacterised"
"GO:0002292","T cell differentiation involved in immune response",1.99659385692248,0.000110253238133983,"activated",43,6,"GPR183; HLX; CD86; CD46; STAT5A; SOCS3","35; 47; 57; 63; 96; 103","1.552; 1.312; 1.164; 1.069; 0.63; 0.563","uncharacterised; uncharacterised; immune; uncharacterised; signalling; signalling"
"GO:0002460","adaptive immune response based on somatic recombination of immune receptors built from immunoglobulin superfamily domains",1.99624368093109,1.2985390548617e-08,"activated",129,7,"PRF1; IL10; KLRD1; HLX; CD46; STAT5A; SOCS3","2; 36; 45; 47; 63; 96; 103","3.151; 1.539; 1.32; 1.312; 1.069; 0.63; 0.563","immune; immune; immune; uncharacterised; uncharacterised; signalling; signalling"
"GO:0002366","leukocyte activation involved in immune response",1.9923511780415,1.55007089041452e-08,"activated",126,9,"GPR183; IL10; HLX; CD86; CD46; STAT5A; SOCS3; SNAP23; PTGDR","35; 36; 47; 57; 63; 96; 103; 112; 145","1.552; 1.539; 1.312; 1.164; 1.069; 0.63; 0.563; 0.51; 0.212","uncharacterised; immune; uncharacterised; immune; uncharacterised; signalling; signalling; uncharacterised; uncharacterised"
"GO:0140888","interferon-mediated signaling pathway",1.98769420645717,9.36717070096471e-05,"activated",48,1,"RAF1","21","1.863","signalling"
"GO:0002263","cell activation involved in immune response",1.98583462238944,3.30440539159838e-08,"activated",127,9,"GPR183; IL10; HLX; CD86; CD46; STAT5A; SOCS3; SNAP23; PTGDR","35; 36; 47; 57; 63; 96; 103; 112; 145","1.552; 1.539; 1.312; 1.164; 1.069; 0.63; 0.563; 0.51; 0.212","uncharacterised; immune; uncharacterised; immune; uncharacterised; signalling; signalling; uncharacterised; uncharacterised"
"GO:0030217","T cell differentiation",1.97581101571942,1.16320754716981e-08,"activated",139,7,"GPR183; PRKDC; HLX; CD86; CD46; STAT5A; SOCS3","35; 46; 47; 57; 63; 96; 103","1.552; 1.313; 1.312; 1.164; 1.069; 0.63; 0.563","uncharacterised; uncharacterised; uncharacterised; immune; uncharacterised; signalling; signalling"
"GO:0002758","innate immune response-activating signaling pathway",1.97528320868694,9.2251215949168e-08,"activated",116,3,"IKBKB; KLRD1; PRKDC","39; 45; 46","1.464; 1.32; 1.313","signalling; immune; uncharacterised"
"GO:0046631","alpha-beta T cell activation",1.97343560894982,2.51731979238067e-06,"activated",90,5,"GPR183; HLX; CD86; STAT5A; SOCS3","35; 47; 57; 96; 103","1.552; 1.312; 1.164; 0.63; 0.563","uncharacterised; uncharacterised; immune; signalling; signalling"
"GO:0140894","endolysosomal toll-like receptor signaling pathway",1.97152186578981,0.002103530327753,"activated",29,1,"IKBKB","39","1.464","signalling"
"GO:0030316","osteoclast differentiation",1.96827543172007,0.000170953197033837,"activated",40,1,"GPR183","35","1.552","uncharacterised"
"GO:0002218","activation of innate immune response",1.9660812139879,2.76109700718812e-08,"activated",131,3,"IKBKB; KLRD1; PRKDC","39; 45; 46","1.464; 1.32; 1.313","signalling; immune; uncharacterised"
"GO:0045954","positive regulation of natural killer cell mediated cytotoxicity",1.96358369933289,0.00592418685797645,"activated",16,1,"KLRD1","45","1.32","immune"
"GO:0061097","regulation of protein tyrosine kinase activity",1.96314100743094,0.00257262867838571,"activated",21,1,"CASS4","44","1.338","uncharacterised"
"GO:0046632","alpha-beta T cell differentiation",1.95614922491548,4.21532176496164e-05,"activated",64,5,"GPR183; HLX; CD86; STAT5A; SOCS3","35; 47; 57; 96; 103","1.552; 1.312; 1.164; 0.63; 0.563","uncharacterised; uncharacterised; immune; signalling; signalling"
"GO:0060333","type II interferon-mediated signaling pathway",1.95091272040371,0.00290167925724757,"activated",16,1,"RAF1","21","1.863","signalling"
"GO:0031349","positive regulation of defense response",1.94495339307945,1.16320754716981e-08,"activated",194,4,"IKBKB; KLRD1; PRKDC; PLA2G7","39; 45; 46; 81","1.464; 1.32; 1.313; 0.872","signalling; immune; uncharacterised; immune"
"GO:0002449","lymphocyte mediated immunity",1.94175403346919,1.10557220644504e-07,"activated",127,5,"PRF1; IL10; KLRD1; CD46; KIR3DL1","2; 36; 45; 63; 113","3.151; 1.539; 1.32; 1.069; 0.502","immune; immune; immune; uncharacterised; immune"
"GO:2000516","positive regulation of CD4-positive, alpha-beta T cell activation",1.94093592264818,0.00290167925724757,"activated",24,2,"HLX; CD86","47; 57","1.312; 1.164","uncharacterised; immune"
"GO:0002285","lymphocyte activation involved in immune response",1.94073307956907,1.786605195084e-06,"activated",93,7,"GPR183; IL10; HLX; CD86; CD46; STAT5A; SOCS3","35; 36; 47; 57; 63; 96; 103","1.552; 1.539; 1.312; 1.164; 1.069; 0.63; 0.563","uncharacterised; immune; uncharacterised; immune; uncharacterised; signalling; signalling"
"GO:0051056","regulation of small GTPase mediated signal transduction",1.93671543244479,8.61371131637742e-08,"activated",115,8,"RAF1; RHOU; F11R; AUTS2; KALRN; PLEKHG3; SIPA1L1; DNMBP","21; 66; 97; 98; 106; 117; 135; 161","1.863; 1.041; 0.614; 0.603; 0.536; 0.429; 0.273; 0.111","signalling; uncharacterised; uncharacterised; epigenetic; uncharacterised; uncharacterised; uncharacterised; uncharacterised"
"GO:0002696","positive regulation of leukocyte activation",1.93337011100233,2.36901899141287e-08,"activated",153,7,"IRS2; GPR183; IL10; PRKDC; HLX; CD86; CD46","26; 35; 36; 46; 47; 57; 63","1.728; 1.552; 1.539; 1.313; 1.312; 1.164; 1.069","signalling; uncharacterised; immune; uncharacterised; uncharacterised; immune; uncharacterised"
"GO:0060759","regulation of response to cytokine stimulus",1.929501087505,1.33386001311103e-05,"activated",83,2,"HIF1A; IKBKB","1; 39","3.18; 1.464","signalling; signalling"
"GO:0033673","negative regulation of kinase activity",1.92919476992237,2.14283077184263e-05,"activated",55,2,"TRIB1; IRS2","14; 26","1.991; 1.728","signalling; signalling"
"GO:0034138","toll-like receptor 3 signaling pathway",1.92835426739831,0.00810601046330387,"activated",16,1,"IKBKB","39","1.464","signalling"
"GO:0002287","alpha-beta T cell activation involved in immune response",1.92715080771976,0.000577751898540692,"activated",39,5,"GPR183; HLX; CD86; STAT5A; SOCS3","35; 47; 57; 96; 103","1.552; 1.312; 1.164; 0.63; 0.563","uncharacterised; uncharacterised; immune; signalling; signalling"
"GO:0002293","alpha-beta T cell differentiation involved in immune response",1.92715080771976,0.000577751898540692,"activated",39,5,"GPR183; HLX; CD86; STAT5A; SOCS3","35; 47; 57; 96; 103","1.552; 1.312; 1.164; 0.63; 0.563","uncharacterised; uncharacterised; immune; signalling; signalling"
"GO:0042093","T-helper cell differentiation",1.92683967360537,0.000630717243335399,"activated",38,5,"GPR183; HLX; CD86; STAT5A; SOCS3","35; 47; 57; 96; 103","1.552; 1.312; 1.164; 0.63; 0.563","uncharacterised; uncharacterised; immune; signalling; signalling"
"GO:0140105","interleukin-10-mediated signaling pathway",1.92483328629519,0.00446845150655845,"activated",10,1,"IL10","36","1.539","immune"
"GO:0032623","interleukin-2 production",1.92263774127631,0.00193072523828825,"activated",37,2,"CD86; PDE4B","57; 148","1.164; 0.191","immune; uncharacterised"
"GO:0032663","regulation of interleukin-2 production",1.92263774127631,0.00193072523828825,"activated",37,2,"CD86; PDE4B","57; 148","1.164; 0.191","immune; uncharacterised"
"GO:0050777","negative regulation of immune response",1.92147778592728,1.05483703815216e-05,"activated",84,5,"IL10; KLRD1; HLX; CD46; STAT5A","36; 45; 47; 63; 96","1.539; 1.32; 1.312; 1.069; 0.63","immune; immune; uncharacterised; uncharacterised; signalling"
"GO:0002228","natural killer cell mediated immunity",1.91974724792732,0.000704755937598935,"activated",33,2,"KLRD1; KIR3DL1","45; 113","1.32; 0.502","immune; immune"
"GO:0002699","positive regulation of immune effector process",1.91920043383717,9.16287953773578e-07,"activated",102,5,"IL10; KLRD1; HLX; CD86; CD46","36; 45; 47; 57; 63","1.539; 1.32; 1.312; 1.164; 1.069","immune; immune; uncharacterised; immune; uncharacterised"
"GO:0072538","T-helper 17 type immune response",1.91898437286551,0.00257262867838571,"activated",26,2,"STAT5A; SOCS3","96; 103","0.63; 0.563","signalling; signalling"
"GO:0051251","positive regulation of lymphocyte activation",1.91641048550927,1.24286902605516e-07,"activated",143,7,"IRS2; GPR183; IL10; PRKDC; HLX; CD86; CD46","26; 35; 36; 46; 47; 57; 63","1.728; 1.552; 1.539; 1.313; 1.312; 1.164; 1.069","signalling; uncharacterised; immune; uncharacterised; uncharacterised; immune; uncharacterised"
"GO:0060711","labyrinthine layer development",1.91141995791073,0.00592388619668809,"activated",14,2,"IL10; SOCS3","36; 103","1.539; 0.563","immune; signalling"
"GO:0002294","CD4-positive, alpha-beta T cell differentiation involved in immune response",1.90805542543625,0.00116153746401991,"activated",38,5,"GPR183; HLX; CD86; STAT5A; SOCS3","35; 47; 57; 96; 103","1.552; 1.312; 1.164; 0.63; 0.563","uncharacterised; uncharacterised; immune; signalling; signalling"
"GO:0071346","cellular response to type II interferon",1.90693293579681,0.000337242775889329,"activated",38,2,"RAF1; FASLG","21; 144","1.863; 0.213","signalling; immune"
"GO:0038095","Fc-epsilon receptor signaling pathway",1.90431763892353,0.0099372778868164,"activated",17,1,"IKBKB","39","1.464","signalling"
"GO:0043367","CD4-positive, alpha-beta T cell differentiation",1.90236063073077,0.000437137146373136,"activated",47,5,"GPR183; HLX; CD86; STAT5A; SOCS3","35; 47; 57; 96; 103","1.552; 1.312; 1.164; 0.63; 0.563","uncharacterised; uncharacterised; immune; signalling; signalling"
"GO:0002443","leukocyte mediated immunity",1.90027480243901,1.16320754716981e-08,"activated",165,8,"PRF1; TREM1; IL10; KLRD1; CD46; SNAP23; KIR3DL1; PTGDR","2; 11; 36; 45; 63; 112; 113; 145","3.151; 2.127; 1.539; 1.32; 1.069; 0.51; 0.502; 0.212","immune; immune; immune; immune; uncharacterised; uncharacterised; immune; uncharacterised"
"GO:0002474","antigen processing and presentation of peptide antigen via MHC class I",1.89930809232661,0.00457083450176006,"activated",19,1,"IKBKB","39","1.464","signalling"
"GO:0002697","regulation of immune effector process",1.89263332828807,1.16320754716981e-08,"activated",147,6,"IL10; KLRD1; HLX; CD86; CD46; STAT5A","36; 45; 47; 57; 63; 96","1.539; 1.32; 1.312; 1.164; 1.069; 0.63","immune; immune; uncharacterised; immune; uncharacterised; signalling"
"GO:0019221","cytokine-mediated signaling pathway",1.8898611924338,1.16320754716981e-08,"activated",191,7,"HIF1A; RAF1; RPS6KA5; IL10; IKBKB; STAT5A; SOCS3","1; 21; 23; 36; 39; 96; 103","3.18; 1.863; 1.774; 1.539; 1.464; 0.63; 0.563","signalling; signalling; signalling; immune; signalling; signalling; signalling"
"GO:0002753","cytoplasmic pattern recognition receptor signaling pathway",1.88914816483277,6.37375897653224e-05,"activated",77,2,"IKBKB; PRKDC","39; 46","1.464; 1.313","signalling; uncharacterised"
"GO:0046635","positive regulation of alpha-beta T cell activation",1.88684412570368,0.00130337939492238,"activated",38,2,"HLX; CD86","47; 57","1.312; 1.164","uncharacterised; immune"
"GO:0001959","regulation of cytokine-mediated signaling pathway",1.88278759071271,0.000111476107292842,"activated",78,2,"HIF1A; IKBKB","1; 39","3.18; 1.464","signalling; signalling"
"GO:0002698","negative regulation of immune effector process",1.87520903426852,0.000267243697672488,"activated",57,5,"IL10; KLRD1; HLX; CD46; STAT5A","36; 45; 47; 63; 96","1.539; 1.32; 1.312; 1.069; 0.63","immune; immune; uncharacterised; uncharacterised; signalling"
"GO:0002763","positive regulation of myeloid leukocyte differentiation",1.8722052982251,0.00322107290200968,"activated",20,1,"TRIB1","14","1.991","signalling"
"GO:0070266","necroptotic process",1.87058318831364,0.00752261027368375,"activated",20,1,"FASLG","144","0.213","immune"
"GO:0001933","negative regulation of protein phosphorylation",1.87029904715276,4.21532176496164e-05,"activated",74,2,"TRIB1; PRKDC","14; 46","1.991; 1.313","signalling; uncharacterised"
"GO:0006469","negative regulation of protein kinase activity",1.86993123348256,0.00021026442062898,"activated",52,1,"TRIB1","14","1.991","signalling"
"GO:0050870","positive regulation of T cell activation",1.86735000245306,4.03602270934466e-06,"activated",114,3,"HLX; CD86; CD46","47; 57; 63","1.312; 1.164; 1.069","uncharacterised; immune; uncharacterised"
"GO:0070664","negative regulation of leukocyte proliferation",1.85496170745898,0.000830682486920515,"activated",37,2,"IL10; CD86","36; 57","1.539; 1.164","immune; immune"
"GO:0071378","cellular response to growth hormone stimulus",1.85371541433238,0.00835883194343135,"activated",14,1,"STAT5A","96","0.63","signalling"
"GO:0043370","regulation of CD4-positive, alpha-beta T cell differentiation",1.85070927214325,0.00440418910266616,"activated",31,3,"HLX; CD86; STAT5A","47; 57; 96","1.312; 1.164; 0.63","uncharacterised; immune; signalling"
"GO:1902107","positive regulation of leukocyte differentiation",1.8487531545435,5.26338134881674e-05,"activated",75,6,"TRIB1; IL10; PRKDC; HLX; CD86; CD46","14; 36; 46; 47; 57; 63","1.991; 1.539; 1.313; 1.312; 1.164; 1.069","signalling; immune; uncharacterised; uncharacterised; immune; uncharacterised"
"GO:1903708","positive regulation of hemopoiesis",1.8487531545435,5.26338134881674e-05,"activated",75,6,"TRIB1; IL10; PRKDC; HLX; CD86; CD46","14; 36; 46; 47; 57; 63","1.991; 1.539; 1.313; 1.312; 1.164; 1.069","signalling; immune; uncharacterised; uncharacterised; immune; uncharacterised"
"GO:0045622","regulation of T-helper cell differentiation",1.84804591752385,0.00846155431925465,"activated",24,3,"HLX; CD86; STAT5A","47; 57; 96","1.312; 1.164; 0.63","uncharacterised; immune; signalling"
"GO:1900102","negative regulation of endoplasmic reticulum unfolded protein response",1.8457851417453,0.0156496658308939,"activated",9,1,"PPP1R15A","143","0.215","signalling"
"GO:0051249","regulation of lymphocyte activation",1.84359209390833,1.16320754716981e-08,"activated",206,11,"IRS2; GPR183; IL10; KLRD1; PRKDC; HLX; CD86; CD46; TIGIT; MERTK; STAT5A","26; 35; 36; 45; 46; 47; 57; 63; 75; 85; 96","1.728; 1.552; 1.539; 1.32; 1.313; 1.312; 1.164; 1.069; 0.914; 0.811; 0.63","signalling; uncharacterised; immune; immune; uncharacterised; uncharacterised; immune; uncharacterised; immune; immune; signalling"
"GO:0032609","type II interferon production",1.83990757019141,0.000777981241003973,"activated",50,2,"IL10; PDE4B","36; 148","1.539; 0.191","immune; uncharacterised"
"GO:0032649","regulation of type II interferon production",1.83990757019141,0.000777981241003973,"activated",50,2,"IL10; PDE4B","36; 148","1.539; 0.191","immune; uncharacterised"
"GO:0140718","facultative heterochromatin formation",1.83759189732401,0.0160199494869808,"activated",6,1,"JARID2","13","1.994","epigenetic"
"GO:0042267","natural killer cell mediated cytotoxicity",1.83667258944796,0.00373510180670798,"activated",30,2,"KLRD1; KIR3DL1","45; 113","1.32; 0.502","immune; immune"
"GO:0043372","positive regulation of CD4-positive, alpha-beta T cell differentiation",1.83375150007833,0.0138624835755887,"activated",19,2,"HLX; CD86","47; 57","1.312; 1.164","uncharacterised; immune"
"GO:1903897","regulation of PERK-mediated unfolded protein response",1.83173548065928,0.0165364995360519,"activated",8,1,"PPP1R15A","143","0.215","signalling"
"GO:0035710","CD4-positive, alpha-beta T cell activation",1.83017887433902,0.000630717243335399,"activated",57,5,"GPR183; HLX; CD86; STAT5A; SOCS3","35; 47; 57; 96; 103","1.552; 1.312; 1.164; 0.63; 0.563","uncharacterised; uncharacterised; immune; signalling; signalling"
"GO:0001773","myeloid dendritic cell activation",1.83005784245402,0.0119752714374902,"activated",14,1,"IL10","36","1.539","immune"
"GO:0045628","regulation of T-helper 2 cell differentiation",1.82204562471049,0.0170786233624644,"activated",8,2,"HLX; CD86","47; 57","1.312; 1.164","uncharacterised; immune"
"GO:0060396","growth hormone receptor signaling pathway",1.82107150262828,0.0218903867348308,"activated",13,1,"STAT5A","96","0.63","signalling"
"GO:0021955","central nervous system neuron axonogenesis",1.81851974910289,0.0114950701633351,"activated",12,2,"PRDM8; NR4A2","42; 94","1.365; 0.675","epigenetic; apoptosis"
"GO:0002367","cytokine production involved in immune response",1.8167071767901,0.00122087046903591,"activated",58,2,"TREM1; IL10","11; 36","2.127; 1.539","immune; immune"
"GO:0070672","response to interleukin-15",1.81610391817203,0.019399113541976,"activated",6,1,"STAT5A","96","0.63","signalling"
"GO:0045824","negative regulation of innate immune response",1.81571259840685,0.00305410518338864,"activated",31,1,"KLRD1","45","1.32","immune"
"GO:0070669","response to interleukin-2",1.81479165238768,0.0256655187504494,"activated",6,1,"STAT5A","96","0.63","signalling"
"GO:0002221","pattern recognition receptor signaling pathway",1.81234299047188,1.41150731892054e-05,"activated",102,2,"IKBKB; PRKDC","39; 46","1.464; 1.313","signalling; uncharacterised"
"GO:0035771","interleukin-4-mediated signaling pathway",1.80823807948384,0.0204687236607236,"activated",8,1,"STAT5A","96","0.63","signalling"
"GO:0030101","natural killer cell activation",1.80531785613412,0.00191335803376116,"activated",35,2,"KLRD1; MERTK","45; 85","1.32; 0.811","immune; immune"
"GO:0043409","negative regulation of MAPK cascade",1.80501166752593,0.000389061785749687,"activated",49,3,"CASC2; CHRNA10; DUSP2","16; 72; 124","1.914; 0.939; 0.354","apoptosis; uncharacterised; signalling"
"GO:0046637","regulation of alpha-beta T cell differentiation",1.80215868866154,0.00449130429230003,"activated",41,3,"HLX; CD86; STAT5A","47; 57; 96","1.312; 1.164; 0.63","uncharacterised; immune; signalling"
"GO:1903039","positive regulation of leukocyte cell-cell adhesion",1.80096505556291,1.42327381016831e-05,"activated",123,3,"HLX; CD86; CD46","47; 57; 63","1.312; 1.164; 1.069","uncharacterised; immune; uncharacterised"
"GO:0051348","negative regulation of transferase activity",1.79955910666099,0.000220009208539264,"activated",55,2,"TRIB1; IRS2","14; 26","1.991; 1.728","signalling; signalling"
"GO:0001819","positive regulation of cytokine production",1.79910679284517,8.45608022483942e-08,"activated",178,7,"HIF1A; IL10; CD86; CD46; TIGIT; PANX2; PDE4B","1; 36; 57; 63; 75; 99; 148","3.18; 1.539; 1.164; 1.069; 0.914; 0.599; 0.191","signalling; immune; immune; uncharacterised; immune; uncharacterised; uncharacterised"
"GO:0000289","nuclear-transcribed mRNA poly(A) tail shortening",1.79859683086944,0.0135145846066478,"activated",14,1,"BTG2","119","0.424","apoptosis"
"GO:0032635","interleukin-6 production",1.7937222563156,0.000734262271251145,"activated",68,1,"IL10","36","1.539","immune"
"GO:0032675","regulation of interleukin-6 production",1.7937222563156,0.000734262271251145,"activated",68,1,"IL10","36","1.539","immune"
"GO:0090594","inflammatory response to wounding",1.78344045889229,0.0159933349251993,"activated",10,1,"HIF1A","1","3.18","signalling"
"GO:0032945","negative regulation of mononuclear cell proliferation",1.78135633830274,0.00442682630598304,"activated",34,2,"IL10; CD86","36; 57","1.539; 1.164","immune; immune"
"GO:0007259","cell surface receptor signaling pathway via JAK-STAT",1.77868370173765,0.00145003343088278,"activated",45,3,"IL10; STAT5A; SOCS3","36; 96; 103","1.539; 0.63; 0.563","immune; signalling; signalling"
"GO:0050863","regulation of T cell activation",1.77696146861151,9.4225366435019e-07,"activated",160,6,"IL10; HLX; CD86; CD46; TIGIT; STAT5A","36; 47; 57; 63; 75; 96","1.539; 1.312; 1.164; 1.069; 0.914; 0.63","immune; uncharacterised; immune; uncharacterised; immune; signalling"
"GO:0001915","negative regulation of T cell mediated cytotoxicity",1.774715666669,0.0329135371620767,"activated",8,1,"KLRD1","45","1.32","immune"
"GO:0001909","leukocyte mediated cytotoxicity",1.77183752590201,0.00117255651681321,"activated",63,4,"PRF1; TREM1; KLRD1; KIR3DL1","2; 11; 45; 113","3.151; 2.127; 1.32; 0.502","immune; immune; immune; immune"
"GO:0050867","positive regulation of cell activation",1.77109482726874,2.56961398935811e-06,"activated",157,7,"IRS2; GPR183; IL10; PRKDC; HLX; CD86; CD46","26; 35; 36; 46; 47; 57; 63","1.728; 1.552; 1.539; 1.313; 1.312; 1.164; 1.069","signalling; uncharacterised; immune; uncharacterised; uncharacterised; immune; uncharacterised"
"GO:0050672","negative regulation of lymphocyte proliferation",1.7706906191115,0.00777601520928644,"activated",33,2,"IL10; CD86","36; 57","1.539; 1.164","immune; immune"
"GO:0002718","regulation of cytokine production involved in immune response",1.77038257543782,0.00223346735361043,"activated",57,1,"IL10","36","1.539","immune"
"GO:1900101","regulation of endoplasmic reticulum unfolded protein response",1.76826165360436,0.0299036850538925,"activated",12,1,"PPP1R15A","143","0.215","signalling"
"GO:0060674","placenta blood vessel development",1.76825129238092,0.0329135371620767,"activated",8,1,"SOCS3","103","0.563","signalling"
"GO:0001783","B cell apoptotic process",1.76742285763106,0.0330232946802767,"activated",11,2,"IRS2; IL10","26; 36","1.728; 1.539","signalling; immune"
"GO:0001771","immunological synapse formation",1.76443178902014,0.0344889141141361,"activated",8,1,"PRF1","2","3.151","immune"
"GO:0042326","negative regulation of phosphorylation",1.76421674920653,5.74322405860519e-05,"activated",73,3,"TRIB1; IRS2; PRKDC","14; 26; 46","1.991; 1.728; 1.313","signalling; signalling; uncharacterised"
"GO:0032722","positive regulation of chemokine production",1.76162493803122,0.0114729348740034,"activated",26,1,"HIF1A","1","3.18","signalling"
"GO:0060416","response to growth hormone",1.7605188580852,0.0208201754929789,"activated",15,1,"STAT5A","96","0.63","signalling"
"GO:1901224","positive regulation of non-canonical NF-kappaB signal transduction",1.75992688896355,0.0134444667692781,"activated",23,1,"CD86","57","1.164","immune"
"GO:0070782","phosphatidylserine exposure on apoptotic cell surface",1.75467586978414,0.0397715326095267,"activated",4,1,"FASLG","144","0.213","immune"
"GO:1902105","regulation of leukocyte differentiation",1.7502324189095,1.86633912256549e-05,"activated",125,7,"TRIB1; IL10; PRKDC; HLX; CD86; CD46; STAT5A","14; 36; 46; 47; 57; 63; 96","1.991; 1.539; 1.313; 1.312; 1.164; 1.069; 0.63","signalling; immune; uncharacterised; uncharacterised; immune; uncharacterised; signalling"
"GO:0046634","regulation of alpha-beta T cell activation",1.74961687146048,0.00286807882143095,"activated",58,3,"HLX; CD86; STAT5A","47; 57; 96","1.312; 1.164; 0.63","uncharacterised; immune; signalling"
"GO:0032621","interleukin-18 production",1.74509117622914,0.0365429427738405,"activated",8,1,"IL10","36","1.539","immune"
"GO:0032661","regulation of interleukin-18 production",1.74509117622914,0.0365429427738405,"activated",8,1,"IL10","36","1.539","immune"
"GO:0002702","positive regulation of production of molecular mediator of immune response",1.74508570166594,0.00317715209930333,"activated",56,2,"IL10; CD86","36; 57","1.539; 1.164","immune; immune"
"GO:0002274","myeloid leukocyte activation",1.74491100267842,0.00021026442062898,"activated",81,3,"IL10; SNAP23; PTGDR","36; 112; 145","1.539; 0.51; 0.212","immune; uncharacterised; uncharacterised"
"GO:0032615","interleukin-12 production",1.74314953472403,0.0170352575824596,"activated",30,2,"IL10; TIGIT","36; 75","1.539; 0.914","immune; immune"
"GO:0032655","regulation of interleukin-12 production",1.74314953472403,0.0170352575824596,"activated",30,2,"IL10; TIGIT","36; 75","1.539; 0.914","immune; immune"
"GO:0045058","T cell selection",1.741932304854,0.00792074475775561,"activated",32,2,"STAT5A; SOCS3","96; 103","0.63; 0.563","signalling; signalling"
"GO:0035723","interleukin-15-mediated signaling pathway",1.74165507832519,0.0344889141141361,"activated",5,1,"STAT5A","96","0.63","signalling"
"GO:0071350","cellular response to interleukin-15",1.74165507832519,0.0344889141141361,"activated",5,1,"STAT5A","96","0.63","signalling"
"GO:0046639","negative regulation of alpha-beta T cell differentiation",1.73754197404504,0.0345120475367004,"activated",16,2,"HLX; STAT5A","47; 96","1.312; 0.63","uncharacterised; signalling"
"GO:0046638","positive regulation of alpha-beta T cell differentiation",1.73703661354108,0.0135145846066478,"activated",29,2,"HLX; CD86","47; 57","1.312; 1.164","uncharacterised; immune"
"GO:0060760","positive regulation of response to cytokine stimulus",1.73541416895495,0.0185211241015854,"activated",35,1,"HIF1A","1","3.18","signalling"
"GO:1903706","regulation of hemopoiesis",1.73527816127639,2.85888538750475e-06,"activated",156,9,"HIF1A; TRIB1; IL10; PRKDC; HLX; CD86; CD46; STAT5A; ACVR1B","1; 14; 36; 46; 47; 57; 63; 96; 155","3.18; 1.991; 1.539; 1.313; 1.312; 1.164; 1.069; 0.63; 0.13","signalling; signalling; immune; uncharacterised; uncharacterised; immune; uncharacterised; signalling; uncharacterised"
"GO:0030098","lymphocyte differentiation",1.73254439640851,2.00100232262879e-06,"activated",174,9,"GPR183; IL10; PRKDC; HLX; CD86; CD46; MERTK; STAT5A; SOCS3","35; 36; 46; 47; 57; 63; 85; 96; 103","1.552; 1.539; 1.313; 1.312; 1.164; 1.069; 0.811; 0.63; 0.563","uncharacterised; immune; uncharacterised; uncharacterised; immune; uncharacterised; immune; signalling; signalling"
"GO:0043299","leukocyte degranulation",1.73249007082916,0.0093810509230143,"activated",39,2,"SNAP23; PTGDR","112; 145","0.51; 0.212","uncharacterised; uncharacterised"
"GO:0001961","positive regulation of cytokine-mediated signaling pathway",1.73129613414583,0.0220710842089218,"activated",33,1,"HIF1A","1","3.18","signalling"
"GO:0044346","fibroblast apoptotic process",1.73124497980459,0.0414465215035778,"activated",13,1,"BTG1","3","3.142","apoptosis"
"GO:0032733","positive regulation of interleukin-10 production",1.73048905832004,0.0186847897781553,"activated",19,2,"CD46; TIGIT","63; 75","1.069; 0.914","uncharacterised; immune"
"GO:0060211","regulation of nuclear-transcribed mRNA poly(A) tail shortening",1.72770309548706,0.0423814259591103,"activated",6,1,"BTG2","119","0.424","apoptosis"
"GO:0060213","positive regulation of nuclear-transcribed mRNA poly(A) tail shortening",1.72770309548706,0.0423814259591103,"activated",6,1,"BTG2","119","0.424","apoptosis"
"GO:0045621","positive regulation of lymphocyte differentiation",1.72574813773157,0.00263564892785589,"activated",58,5,"IL10; PRKDC; HLX; CD86; CD46","36; 46; 47; 57; 63","1.539; 1.313; 1.312; 1.164; 1.069","immune; uncharacterised; uncharacterised; immune; uncharacterised"
"GO:0043379","memory T cell differentiation",1.72410307612763,0.0434779734080886,"activated",6,1,"CD46","63","1.069","uncharacterised"
"GO:0010803","regulation of tumor necrosis factor-mediated signaling pathway",1.72268783399464,0.0160986448450992,"activated",36,1,"IKBKB","39","1.464","signalling"
"GO:0032613","interleukin-10 production",1.7209194454437,0.016232892616215,"activated",26,2,"CD46; TIGIT","63; 75","1.069; 0.914","uncharacterised; immune"
"GO:0032653","regulation of interleukin-10 production",1.7209194454437,0.016232892616215,"activated",26,2,"CD46; TIGIT","63; 75","1.069; 0.914","uncharacterised; immune"
"GO:0007264","small GTPase-mediated signal transduction",1.71959301579891,7.33722846598661e-07,"activated",145,11,"RAF1; RAPGEF2; RHOU; F11R; AUTS2; KALRN; PLEKHG3; SIPA1L1; RGL1; DOCK4; DNMBP","21; 62; 66; 97; 98; 106; 117; 135; 136; 137; 161","1.863; 1.079; 1.041; 0.614; 0.603; 0.536; 0.429; 0.273; 0.263; 0.262; 0.111","signalling; signalling; uncharacterised; uncharacterised; epigenetic; uncharacterised; uncharacterised; uncharacterised; signalling; uncharacterised; uncharacterised"
"GO:0090715","immunological memory formation process",1.71749652244187,0.0487989465372954,"activated",7,1,"CD46","63","1.069","uncharacterised"
"GO:0043368","positive T cell selection",1.7168550562585,0.0223402329639974,"activated",26,2,"STAT5A; SOCS3","96; 103","0.63; 0.563","signalling; signalling"
"GO:0016601","Rac protein signal transduction",1.71677978383033,0.0329135371620767,"activated",27,2,"RHOU; AUTS2","66; 98","1.041; 0.603","uncharacterised; epigenetic"
"GO:0045637","regulation of myeloid cell differentiation",1.71472697391527,0.000603117634887658,"activated",67,4,"HIF1A; TRIB1; PRKDC; ACVR1B","1; 14; 46; 155","3.18; 1.991; 1.313; 0.13","signalling; signalling; uncharacterised; uncharacterised"
"GO:0072539","T-helper 17 cell differentiation",1.7122026506641,0.0329135371620767,"activated",20,2,"STAT5A; SOCS3","96; 103","0.63; 0.563","signalling; signalling"
"GO:1903037","regulation of leukocyte cell-cell adhesion",1.70627755958227,1.40672095011942e-05,"activated",154,6,"IL10; HLX; CD86; CD46; TIGIT; STAT5A","36; 47; 57; 63; 75; 96","1.539; 1.312; 1.164; 1.069; 0.914; 0.63","immune; uncharacterised; immune; uncharacterised; immune; signalling"
"GO:0043380","regulation of memory T cell differentiation",1.70575618094622,0.0443357624962329,"activated",6,1,"CD46","63","1.069","uncharacterised"
"GO:0006397","mRNA processing",1.69766427416493,7.0955922853332e-06,"activated",131,1,"RPRD1A","110","0.514","uncharacterised"
"GO:0046488","phosphatidylinositol metabolic process",1.69687286605955,0.00386573593384595,"activated",50,1,"PIK3R5","154","0.137","immune"
"GO:0007159","leukocyte cell-cell adhesion",1.69591797922971,9.7672594612783e-06,"activated",168,7,"IL10; HLX; CD86; CD46; TIGIT; STAT5A; F11R","36; 47; 57; 63; 75; 96; 97","1.539; 1.312; 1.164; 1.069; 0.914; 0.63; 0.614","immune; uncharacterised; immune; uncharacterised; immune; signalling; uncharacterised"
"GO:0042113","B cell activation",1.6957128022152,0.000180450239405224,"activated",99,6,"IRS2; GPR183; IL10; PRKDC; CD86; FCRL1","26; 35; 36; 46; 57; 127","1.728; 1.552; 1.539; 1.313; 1.164; 0.341","signalling; uncharacterised; immune; uncharacterised; immune; immune"
"GO:0048013","ephrin receptor signaling pathway",1.69562417743722,0.0337535372580755,"activated",14,2,"KALRN; SIPA1L1","106; 135","0.536; 0.273","uncharacterised; uncharacterised"
"GO:0097696","cell surface receptor signaling pathway via STAT",1.69377994042701,0.00310469770012532,"activated",48,3,"IL10; STAT5A; SOCS3","36; 96; 103","1.539; 0.63; 0.563","immune; signalling; signalling"
"GO:0071347","cellular response to interleukin-1",1.69136324435304,0.013796596826993,"activated",39,3,"HIF1A; RPS6KA5; IKBKB","1; 23; 39","3.18; 1.774; 1.464","signalling; signalling; signalling"
"GO:2000316","regulation of T-helper 17 type immune response",1.69014820947652,0.0415390905321854,"activated",18,1,"STAT5A","96","0.63","signalling"
"GO:1903311","regulation of mRNA metabolic process",1.68991084587534,0.0001568109284049,"activated",95,1,"BTG2","119","0.424","apoptosis"
"GO:0032814","regulation of natural killer cell activation",1.68986311840087,0.0415390905321854,"activated",12,1,"KLRD1","45","1.32","immune"
"GO:0033077","T cell differentiation in thymus",1.68679471116085,0.0114950701633351,"activated",38,1,"PRKDC","46","1.313","uncharacterised"
"GO:0050729","positive regulation of inflammatory response",1.68616848878352,0.00292465316246943,"activated",53,1,"PLA2G7","81","0.872","immune"
"GO:0051898","negative regulation of phosphatidylinositol 3-kinase/protein kinase B signal transduction",1.68577659599874,0.0304006090011075,"activated",22,1,"PIK3IP1","9","2.166","signalling"
"GO:0050864","regulation of B cell activation",1.68408220863003,0.00566564422768184,"activated",49,3,"IRS2; GPR183; IL10","26; 35; 36","1.728; 1.552; 1.539","signalling; uncharacterised; immune"
"GO:2000106","regulation of leukocyte apoptotic process",1.6837231443235,0.0159323991525433,"activated",38,5,"HIF1A; IRS2; IL10; RAPGEF2; MERTK","1; 26; 36; 62; 85","3.18; 1.728; 1.539; 1.079; 0.811","signalling; signalling; immune; signalling; immune"
"GO:0002275","myeloid cell activation involved in immune response",1.68340850190579,0.00918945516494098,"activated",38,2,"SNAP23; PTGDR","112; 145","0.51; 0.212","uncharacterised; uncharacterised"
"GO:0008360","regulation of cell shape",1.68160349109147,0.00457083450176006,"activated",58,3,"RHOU; F11R; DNMBP","66; 97; 161","1.041; 0.614; 0.111","uncharacterised; uncharacterised; uncharacterised"
"GO:2000514","regulation of CD4-positive, alpha-beta T cell activation",1.68043375441752,0.015549951379992,"activated",38,3,"HLX; CD86; STAT5A","47; 57; 96","1.312; 1.164; 0.63","uncharacterised; immune; signalling"
"GO:0010563","negative regulation of phosphorus metabolic process",1.67964927227838,0.00034014085819076,"activated",81,3,"TRIB1; IRS2; PRKDC","14; 26; 46","1.991; 1.728; 1.313","signalling; signalling; uncharacterised"
"GO:0045936","negative regulation of phosphate metabolic process",1.67964927227838,0.00034014085819076,"activated",81,3,"TRIB1; IRS2; PRKDC","14; 26; 46","1.991; 1.728; 1.313","signalling; signalling; uncharacterised"
"GO:0002700","regulation of production of molecular mediator of immune response",1.67810092995465,0.00222468365515991,"activated",72,2,"IL10; CD86","36; 57","1.539; 1.164","immune; immune"
"GO:0140467","integrated stress response signaling",1.67293608888926,0.0406805507898787,"activated",15,1,"PPP1R15A","143","0.215","signalling"
"GO:1990868","response to chemokine",1.67287126231173,0.0119526382546441,"activated",34,1,"HIF1A","1","3.18","signalling"
"GO:1990869","cellular response to chemokine",1.67287126231173,0.0119526382546441,"activated",34,1,"HIF1A","1","3.18","signalling"
"GO:0001892","embryonic placenta development",1.6719742726003,0.0134910176042816,"activated",21,3,"HIF1A; IL10; SOCS3","1; 36; 103","3.18; 1.539; 0.563","signalling; immune; signalling"
"GO:0051057","positive regulation of small GTPase mediated signal transduction",1.67189109875431,0.0307224722827763,"activated",26,2,"F11R; AUTS2","97; 98","0.614; 0.603","uncharacterised; epigenetic"
"GO:0031400","negative regulation of protein modification process",1.67076175733474,0.000180450239405224,"activated",104,3,"TRIB1; PRKDC; TPPP","14; 46; 80","1.991; 1.313; 0.879","signalling; uncharacterised; uncharacterised"
"GO:0002761","regulation of myeloid leukocyte differentiation",1.66741022211169,0.0100893014547363,"activated",42,1,"TRIB1","14","1.991","signalling"
"GO:0045576","mast cell activation",1.66416754482624,0.0157177858271178,"activated",24,2,"SNAP23; PTGDR","112; 145","0.51; 0.212","uncharacterised; uncharacterised"
"GO:0031122","cytoplasmic microtubule organization",1.66091495392516,0.0298265140013183,"activated",27,1,"TPPP","80","0.879","uncharacterised"
"GO:0034605","cellular response to heat",1.65891908297376,0.0337535372580755,"activated",17,1,"DNAJB1","132","0.287","apoptosis"
"GO:0032732","positive regulation of interleukin-1 production",1.65382105252047,0.0325971861877731,"activated",30,1,"PANX2","99","0.599","uncharacterised"
"GO:0046651","lymphocyte proliferation",1.65380481531095,0.00024030395274444,"activated",118,5,"IRS2; GPR183; IL10; CD86; CD46","26; 35; 36; 57; 63","1.728; 1.552; 1.539; 1.164; 1.069","signalling; uncharacterised; immune; immune; uncharacterised"
"GO:0051092","positive regulation of NF-kappaB transcription factor activity",1.653231038944,0.0119022159948787,"activated",57,2,"RPS6KA5; IKBKB","23; 39","1.774; 1.464","signalling; signalling"
"GO:0030522","intracellular receptor signaling pathway",1.64853597501514,5.97222536397604e-05,"activated",125,5,"NCOA2; IKBKB; PRKDC; NR4A2; VPS18","22; 39; 46; 94; 141","1.79; 1.464; 1.313; 0.675; 0.229","epigenetic; signalling; uncharacterised; apoptosis; uncharacterised"
"GO:0006903","vesicle targeting",1.64713220089743,0.040960771485758,"activated",34,2,"ARFGAP3; SNAP23","38; 112","1.501; 0.51","uncharacterised; uncharacterised"
"GO:0070661","leukocyte proliferation",1.63920443067142,0.000206539057068584,"activated",132,5,"IRS2; GPR183; IL10; CD86; CD46","26; 35; 36; 57; 63","1.728; 1.552; 1.539; 1.164; 1.069","signalling; uncharacterised; immune; immune; uncharacterised"
"GO:0032943","mononuclear cell proliferation",1.6379502166105,0.000674457922777307,"activated",120,5,"IRS2; GPR183; IL10; CD86; CD46","26; 35; 36; 57; 63","1.728; 1.552; 1.539; 1.164; 1.069","signalling; uncharacterised; immune; immune; uncharacterised"
"GO:0045582","positive regulation of T cell differentiation",1.63755103787589,0.0142034938046733,"activated",51,3,"HLX; CD86; CD46","47; 57; 63","1.312; 1.164; 1.069","uncharacterised; immune; uncharacterised"
"GO:0072676","lymphocyte migration",1.63360075541531,0.0166202686551357,"activated",46,2,"GPR183; F11R","35; 97","1.552; 0.614","uncharacterised; uncharacterised"
"GO:0051250","negative regulation of lymphocyte activation",1.63360006811853,0.0115681588285941,"activated",61,6,"IL10; HLX; CD86; TIGIT; MERTK; STAT5A","36; 47; 57; 75; 85; 96","1.539; 1.312; 1.164; 0.914; 0.811; 0.63","immune; uncharacterised; immune; immune; immune; signalling"
"GO:0070663","regulation of leukocyte proliferation",1.63125325252149,0.00108196478683985,"activated",103,5,"IRS2; GPR183; IL10; CD86; CD46","26; 35; 36; 57; 63","1.728; 1.552; 1.539; 1.164; 1.069","signalling; uncharacterised; immune; immune; uncharacterised"
"GO:0071887","leukocyte apoptotic process",1.62885615189201,0.0146618673498492,"activated",46,6,"HIF1A; IRS2; IL10; RAPGEF2; MERTK; FASLG","1; 26; 36; 62; 85; 144","3.18; 1.728; 1.539; 1.079; 0.811; 0.213","signalling; signalling; immune; signalling; immune; immune"
"GO:0038061","non-canonical NF-kappaB signal transduction",1.6280681409287,0.0131347194591001,"activated",43,1,"CD86","57","1.164","immune"
"GO:0070098","chemokine-mediated signaling pathway",1.62718098028426,0.026971475309606,"activated",31,1,"HIF1A","1","3.18","signalling"
"GO:0042098","T cell proliferation",1.62677839253829,0.00337513946618025,"activated",89,3,"IL10; CD86; CD46","36; 57; 63","1.539; 1.164; 1.069","immune; immune; uncharacterised"
"GO:0045619","regulation of lymphocyte differentiation",1.62363323303399,0.0020401574906835,"activated",91,6,"IL10; PRKDC; HLX; CD86; CD46; STAT5A","36; 46; 47; 57; 63; 96","1.539; 1.313; 1.312; 1.164; 1.069; 0.63","immune; uncharacterised; uncharacterised; immune; uncharacterised; signalling"
"GO:2000144","positive regulation of DNA-templated transcription initiation",1.62354545490298,0.0307224722827763,"activated",25,1,"CAND1","130","0.293","uncharacterised"
"GO:0009791","post-embryonic development",1.62236532836992,0.0337535372580755,"activated",27,2,"IGF2R; NR4A2","15; 94","1.929; 0.675","signalling; apoptosis"
"GO:0045580","regulation of T cell differentiation",1.62026439191946,0.00347472207327821,"activated",75,4,"HLX; CD86; CD46; STAT5A","47; 57; 63; 96","1.312; 1.164; 1.069; 0.63","uncharacterised; immune; uncharacterised; signalling"
"GO:0070897","transcription preinitiation complex assembly",1.61917573454993,0.0307224722827763,"activated",28,1,"CAND1","130","0.293","uncharacterised"
"GO:0060996","dendritic spine development",1.61727902094249,0.0165364995360519,"activated",21,1,"SIPA1L1","135","0.273","uncharacterised"
"GO:0050871","positive regulation of B cell activation",1.61581869247358,0.0343237211370101,"activated",32,3,"IRS2; GPR183; IL10","26; 35; 36","1.728; 1.552; 1.539","signalling; uncharacterised; immune"
"GO:0060261","positive regulation of transcription initiation by RNA polymerase II",1.61554569771545,0.0307224722827763,"activated",23,1,"CAND1","130","0.293","uncharacterised"
"GO:1905037","autophagosome organization",1.61044640563753,0.0129359250095101,"activated",48,1,"ATG2A","31","1.656","uncharacterised"
"GO:1902115","regulation of organelle assembly",1.60836487077954,0.00256627243832768,"activated",71,1,"ATG2A","31","1.656","uncharacterised"
"GO:0050868","negative regulation of T cell activation",1.60818905099772,0.0136295080709115,"activated",50,5,"IL10; HLX; CD86; TIGIT; STAT5A","36; 47; 57; 75; 96","1.539; 1.312; 1.164; 0.914; 0.63","immune; uncharacterised; immune; immune; signalling"
"GO:0050670","regulation of lymphocyte proliferation",1.60644511031494,0.00249250305434062,"activated",93,5,"IRS2; GPR183; IL10; CD86; CD46","26; 35; 36; 57; 63","1.728; 1.552; 1.539; 1.164; 1.069","signalling; uncharacterised; immune; immune; uncharacterised"
"GO:0007254","JNK cascade",1.60631692683383,0.0100863009601907,"activated",65,1,"TRIB1","14","1.991","signalling"
"GO:0010720","positive regulation of cell development",1.60501335487903,0.000187557316225384,"activated",144,9,"HIF1A; TRIB1; IL10; PRKDC; HLX; CD86; CD46; F11R; TRPV2","1; 14; 36; 46; 47; 57; 63; 97; 100","3.18; 1.991; 1.539; 1.313; 1.312; 1.164; 1.069; 0.614; 0.583","signalling; signalling; immune; uncharacterised; uncharacterised; immune; uncharacterised; uncharacterised; immune"
"GO:0002695","negative regulation of leukocyte activation",1.604710136583,0.00716403412502457,"activated",66,6,"IL10; HLX; CD86; TIGIT; MERTK; STAT5A","36; 47; 57; 75; 85; 96","1.539; 1.312; 1.164; 0.914; 0.811; 0.63","immune; uncharacterised; immune; immune; immune; signalling"
"GO:0002832","negative regulation of response to biotic stimulus",1.60394491255834,0.0187173118198964,"activated",44,2,"TRIB1; KLRD1","14; 45","1.991; 1.32","signalling; immune"
"GO:0002440","production of molecular mediator of immune response",1.60350584853996,0.00380885715210971,"activated",81,4,"TREM1; IL10; PRKDC; CD86","11; 36; 46; 57","2.127; 1.539; 1.313; 1.164","immune; immune; uncharacterised; immune"
"GO:0016197","endosomal transport",1.5990431814153,0.0012567334502465,"activated",95,2,"TMCC1; SPAG9","71; 156","0.996; 0.13","uncharacterised; uncharacterised"
"GO:0031348","negative regulation of defense response",1.59716600788291,0.00230117143775714,"activated",77,3,"IL10; KLRD1; SOCS3","36; 45; 103","1.539; 1.32; 0.563","immune; immune; signalling"
"GO:0042058","regulation of epidermal growth factor receptor signaling pathway",1.59461278316083,0.0452552351216838,"activated",18,1,"FASLG","144","0.213","immune"
"GO:0051090","regulation of DNA-binding transcription factor activity",1.59148752631167,0.000736165119933646,"activated",104,4,"TRIB1; RPS6KA5; IL10; IKBKB","14; 23; 36; 39","1.991; 1.774; 1.539; 1.464","signalling; signalling; immune; signalling"
"GO:0002683","negative regulation of immune system process",1.58912163379857,8.26263163926362e-05,"activated",150,10,"TRIB1; IL10; KLRD1; PRKDC; HLX; CD86; CD46; TIGIT; MERTK; STAT5A","14; 36; 45; 46; 47; 57; 63; 75; 85; 96","1.991; 1.539; 1.32; 1.313; 1.312; 1.164; 1.069; 0.914; 0.811; 0.63","signalling; immune; immune; uncharacterised; uncharacterised; immune; uncharacterised; immune; immune; signalling"
"GO:0045639","positive regulation of myeloid cell differentiation",1.58719155546017,0.0204377293865218,"activated",33,4,"HIF1A; TRIB1; PRKDC; ACVR1B","1; 14; 46; 155","3.18; 1.991; 1.313; 0.13","signalling; signalling; uncharacterised; uncharacterised"
"GO:0042130","negative regulation of T cell proliferation",1.58678157944161,0.0404858679413,"activated",25,2,"IL10; CD86","36; 57","1.539; 1.164","immune; immune"
"GO:0032944","regulation of mononuclear cell proliferation",1.58664459057968,0.00322107290200968,"activated",94,5,"IRS2; GPR183; IL10; CD86; CD46","26; 35; 36; 57; 63","1.728; 1.552; 1.539; 1.164; 1.069","signalling; uncharacterised; immune; immune; uncharacterised"
"GO:0051607","defense response to virus",1.58445865302169,0.00237855638263138,"activated",101,1,"PRF1","2","3.151","immune"
"GO:0032637","interleukin-8 production",1.58209483196299,0.0329135371620767,"activated",33,1,"IL10","36","1.539","immune"
"GO:0032677","regulation of interleukin-8 production",1.58209483196299,0.0329135371620767,"activated",33,1,"IL10","36","1.539","immune"
"GO:0000045","autophagosome assembly",1.5820076362659,0.0218509440584485,"activated",44,1,"ATG2A","31","1.656","uncharacterised"
"GO:0009615","response to virus",1.57711537020443,0.000196315701261368,"activated",128,3,"HIF1A; PRF1; IKBKB","1; 2; 39","3.18; 3.151; 1.464","signalling; immune; signalling"
"GO:1901222","regulation of non-canonical NF-kappaB signal transduction",1.57612307543202,0.0321294754058453,"activated",32,1,"CD86","57","1.164","immune"
"GO:0032602","chemokine production",1.57403372254648,0.0329135371620767,"activated",34,2,"HIF1A; IL10","1; 36","3.18; 1.539","signalling; immune"
"GO:0032642","regulation of chemokine production",1.57403372254648,0.0329135371620767,"activated",34,2,"HIF1A; IL10","1; 36","3.18; 1.539","signalling; immune"
"GO:0045814","negative regulation of gene expression, epigenetic",1.57390601209274,0.0163027443108079,"activated",42,2,"JARID2; PCGF3","13; 84","1.994; 0.85","epigenetic; epigenetic"
"GO:0097306","cellular response to alcohol",1.57094060674569,0.0344191717778898,"activated",30,3,"GRAMD1C; BTG2; PTGDR","118; 119; 145","0.428; 0.424; 0.212","metabolism; apoptosis; uncharacterised"
"GO:0042129","regulation of T cell proliferation",1.57036630831547,0.00964884601727381,"activated",71,3,"IL10; CD86; CD46","36; 57; 63","1.539; 1.164; 1.069","immune; immune; uncharacterised"
"GO:0034612","response to tumor necrosis factor",1.57022374559891,0.00542111596949918,"activated",76,1,"IKBKB","39","1.464","signalling"
"GO:0070373","negative regulation of ERK1 and ERK2 cascade",1.56876903964621,0.0397715326095267,"activated",20,1,"CHRNA10","72","0.939","uncharacterised"
"GO:0042100","B cell proliferation",1.5657348762312,0.0344889141141361,"activated",37,3,"IRS2; GPR183; IL10","26; 35; 36","1.728; 1.552; 1.539","signalling; uncharacterised; immune"
"GO:0031507","heterochromatin formation",1.56548905121452,0.026971475309606,"activated",36,2,"JARID2; PCGF3","13; 84","1.994; 0.85","epigenetic; epigenetic"
"GO:0071216","cellular response to biotic stimulus",1.56239371818992,0.00432203020389464,"activated",82,4,"TRIB1; IL10; CD86; PDE4B","14; 36; 57; 148","1.991; 1.539; 1.164; 0.191","signalling; immune; immune; uncharacterised"
"GO:0051648","vesicle localization",1.56011529692649,0.0144018028385246,"activated",59,2,"ARFGAP3; SNAP23","38; 112","1.501; 0.51","uncharacterised; uncharacterised"
"GO:0071356","cellular response to tumor necrosis factor",1.55919747177311,0.00989590846952057,"activated",69,1,"IKBKB","39","1.464","signalling"
"GO:1903557","positive regulation of tumor necrosis factor superfamily cytokine production",1.5582922993427,0.0255186332236047,"activated",40,1,"CD86","57","1.164","immune"
"GO:0007249","canonical NF-kappaB signal transduction",1.55353459905056,0.00346848751347424,"activated",107,2,"IKBKB; FASLG","39; 144","1.464; 0.213","signalling; immune"
"GO:0062207","regulation of pattern recognition receptor signaling pathway",1.55288431025026,0.0170352575824596,"activated",74,2,"IKBKB; PRKDC","39; 46","1.464; 1.313","signalling; uncharacterised"
"GO:0051091","positive regulation of DNA-binding transcription factor activity",1.54832779914938,0.0108778505938276,"activated",79,3,"RPS6KA5; IL10; IKBKB","23; 36; 39","1.774; 1.539; 1.464","signalling; immune; signalling"
"GO:0002312","B cell activation involved in immune response",1.54699977982848,0.0404858679413,"activated",35,2,"GPR183; IL10","35; 36","1.552; 1.539","uncharacterised; immune"
"GO:0022409","positive regulation of cell-cell adhesion",1.5455138746162,0.00314575915501253,"activated",131,5,"IL10; HLX; CD86; CD46; F11R","36; 47; 57; 63; 97","1.539; 1.312; 1.164; 1.069; 0.614","immune; uncharacterised; immune; uncharacterised; uncharacterised"
"GO:0022604","regulation of cell morphogenesis",1.54349142235791,0.00661263763494011,"activated",80,5,"PRKDC; RHOU; F11R; SPAG9; DNMBP","46; 66; 97; 156; 161","1.313; 1.041; 0.614; 0.13; 0.111","uncharacterised; uncharacterised; uncharacterised; uncharacterised; uncharacterised"
"GO:0022406","membrane docking",1.54234314288327,0.0443357624962329,"activated",32,1,"VPS18","141","0.229","uncharacterised"
"GO:0033209","tumor necrosis factor-mediated signaling pathway",1.54234103838157,0.0309424523922054,"activated",47,1,"IKBKB","39","1.464","signalling"
"GO:0007162","negative regulation of cell adhesion",1.54177287534907,0.00308625502971143,"activated",104,7,"AKNA; IL10; HLX; CD86; TIGIT; STAT5A; PDE3B","7; 36; 47; 57; 75; 96; 139","2.244; 1.539; 1.312; 1.164; 0.914; 0.63; 0.248","epigenetic; immune; uncharacterised; immune; immune; signalling; uncharacterised"
"GO:2000142","regulation of DNA-templated transcription initiation",1.53896832375627,0.0452936422593723,"activated",29,1,"CAND1","130","0.293","uncharacterised"
"GO:1902106","negative regulation of leukocyte differentiation",1.53858798022149,0.0309533877739558,"activated",43,3,"TRIB1; HLX; STAT5A","14; 47; 96","1.991; 1.312; 0.63","signalling; uncharacterised; signalling"
"GO:0045446","endothelial cell differentiation",1.53797975487098,0.0337535372580755,"activated",34,4,"BTG1; IKBKB; RAPGEF2; F11R","3; 39; 62; 97","3.142; 1.464; 1.079; 0.614","apoptosis; signalling; signalling; uncharacterised"
"GO:0050727","regulation of inflammatory response",1.53697942032698,0.000630717243335399,"activated",109,4,"AKNA; IL10; PLA2G7; SOCS3","7; 36; 81; 103","2.244; 1.539; 0.872; 0.563","epigenetic; immune; immune; signalling"
"GO:0018105","peptidyl-serine phosphorylation",1.53521615507164,0.0212931434925318,"activated",49,3,"RAF1; IKBKB; PRKDC","21; 39; 46","1.863; 1.464; 1.313","signalling; signalling; uncharacterised"
"GO:0032612","interleukin-1 production",1.53507836242321,0.0344889141141361,"activated",43,2,"IL10; PANX2","36; 99","1.539; 0.599","immune; uncharacterised"
"GO:0032652","regulation of interleukin-1 production",1.53507836242321,0.0344889141141361,"activated",43,2,"IL10; PANX2","36; 99","1.539; 0.599","immune; uncharacterised"
"GO:0001776","leukocyte homeostasis",1.53308945449921,0.0344889141141361,"activated",48,4,"HIF1A; GPR183; MERTK; PDE4B","1; 35; 85; 148","3.18; 1.552; 0.811; 0.191","signalling; uncharacterised; immune; uncharacterised"
"GO:0018209","peptidyl-serine modification",1.53224111243741,0.020397006485846,"activated",50,3,"RAF1; IKBKB; PRKDC","21; 39; 46","1.863; 1.464; 1.313","signalling; signalling; uncharacterised"
"GO:0022408","negative regulation of cell-cell adhesion",1.53128962232884,0.0130201865587206,"activated",67,6,"AKNA; IL10; HLX; CD86; TIGIT; STAT5A","7; 36; 47; 57; 75; 96","2.244; 1.539; 1.312; 1.164; 0.914; 0.63","epigenetic; immune; uncharacterised; immune; immune; signalling"
"GO:0051650","establishment of vesicle localization",1.53093154163685,0.0123259690419159,"activated",55,2,"ARFGAP3; SNAP23","38; 112","1.501; 0.51","uncharacterised; uncharacterised"
"GO:0001818","negative regulation of cytokine production",1.53047783446336,0.00800851341148914,"activated",108,4,"RPS6KA5; IL10; TIGIT; MERTK","23; 36; 75; 85","1.774; 1.539; 0.914; 0.811","signalling; immune; immune; immune"
"GO:0022407","regulation of cell-cell adhesion",1.52783010471697,0.000984350978560102,"activated",171,8,"AKNA; IL10; HLX; CD86; CD46; TIGIT; STAT5A; F11R","7; 36; 47; 57; 63; 75; 96; 97","2.244; 1.539; 1.312; 1.164; 1.069; 0.914; 0.63; 0.614","epigenetic; immune; uncharacterised; immune; uncharacterised; immune; signalling; uncharacterised"
"GO:0018108","peptidyl-tyrosine phosphorylation",1.5274730384113,0.0132935023793973,"activated",62,2,"AREG; CASS4","17; 44","1.905; 1.338","immune; uncharacterised"
"GO:0032869","cellular response to insulin stimulus",1.52524229128104,0.0152784218013383,"activated",61,6,"RAF1; NCOA2; IRS2; PRKDC; SOCS3; PDE3B","21; 22; 26; 46; 103; 139","1.863; 1.79; 1.728; 1.313; 0.563; 0.248","signalling; epigenetic; signalling; uncharacterised; signalling; uncharacterised"
"GO:0032273","positive regulation of protein polymerization",1.52152529949173,0.0453505666006547,"activated",27,1,"TPPP","80","0.879","uncharacterised"
"GO:1903038","negative regulation of leukocyte cell-cell adhesion",1.52114342523317,0.0425494811701004,"activated",52,5,"IL10; HLX; CD86; TIGIT; STAT5A","36; 47; 57; 75; 96","1.539; 1.312; 1.164; 0.914; 0.63","immune; uncharacterised; immune; immune; signalling"
"GO:0007033","vacuole organization",1.51666047652261,0.0165053583808888,"activated",76,2,"ATG2A; VPS18","31; 141","1.656; 0.229","uncharacterised; uncharacterised"
"GO:0032868","response to insulin",1.51482137811511,0.00583366851839622,"activated",76,7,"RAF1; NCOA2; IRS2; IL10; PRKDC; SOCS3; PDE3B","21; 22; 26; 36; 46; 103; 139","1.863; 1.79; 1.728; 1.539; 1.313; 0.563; 0.248","signalling; epigenetic; signalling; immune; uncharacterised; signalling; uncharacterised"
"GO:0006997","nucleus organization",1.51296906006226,0.031790425012213,"activated",49,2,"AGFG1; CCDC146","138; 162","0.256; 0.094","uncharacterised; uncharacterised"
"GO:0071706","tumor necrosis factor superfamily cytokine production",1.51253962276967,0.0254895931195942,"activated",70,2,"IL10; CD86","36; 57","1.539; 1.164","immune; immune"
"GO:1903555","regulation of tumor necrosis factor superfamily cytokine production",1.51253962276967,0.0254895931195942,"activated",70,2,"IL10; CD86","36; 57","1.539; 1.164","immune; immune"
"GO:0002520","immune system development",1.5111242642804,0.0162332702957408,"activated",60,4,"JARID2; RAF1; IL10; PRKDC","13; 21; 36; 46","1.994; 1.863; 1.539; 1.313","epigenetic; signalling; immune; uncharacterised"
"GO:0016482","cytosolic transport",1.51072107549676,0.0372979196896232,"activated",49,1,"SPAG9","156","0.13","uncharacterised"
"GO:0071674","mononuclear cell migration",1.51044140065071,0.0166233510566775,"activated",68,3,"GPR183; PLA2G7; F11R","35; 81; 97","1.552; 0.872; 0.614","uncharacterised; immune; uncharacterised"
"GO:0007041","lysosomal transport",1.50843244722103,0.0351597108073802,"activated",50,2,"IGF2R; VPS18","15; 141","1.929; 0.229","signalling; uncharacterised"
"GO:0018212","peptidyl-tyrosine modification",1.50796809945526,0.0151185988818282,"activated",63,2,"AREG; CASS4","17; 44","1.905; 1.338","immune; uncharacterised"
"GO:0019827","stem cell population maintenance",1.50499894542345,0.0376629836892671,"activated",59,1,"RAF1","21","1.863","signalling"
"GO:0050900","leukocyte migration",1.50423643686479,0.00227003164936124,"activated",118,6,"TREM1; GPR183; IL10; PLA2G7; F11R; PDE4B","11; 35; 36; 81; 97; 148","2.127; 1.552; 1.539; 0.872; 0.614; 0.191","immune; uncharacterised; immune; immune; uncharacterised; uncharacterised"
"GO:0032479","regulation of type I interferon production",1.50295268623112,0.0404576481408044,"activated",45,1,"IL10","36","1.539","immune"
"GO:0032606","type I interferon production",1.50295268623112,0.0404576481408044,"activated",45,1,"IL10","36","1.539","immune"
"GO:0071675","regulation of mononuclear cell migration",1.50153904473909,0.0363954798368648,"activated",41,1,"PLA2G7","81","0.872","immune"
"GO:0021543","pallium development",1.50078550231339,0.0254895931195942,"activated",34,2,"HIF1A; BTG2","1; 119","3.18; 0.424","signalling; apoptosis"
"GO:0043123","positive regulation of canonical NF-kappaB signal transduction",1.49817695252662,0.0179332496897928,"activated",75,2,"IKBKB; FASLG","39; 144","1.464; 0.213","signalling; immune"
"GO:0030595","leukocyte chemotaxis",1.49795039502847,0.0146831773899611,"activated",55,5,"TREM1; GPR183; IL10; PLA2G7; PDE4B","11; 35; 36; 81; 148","2.127; 1.552; 1.539; 0.872; 0.191","immune; uncharacterised; immune; immune; uncharacterised"
"GO:0050730","regulation of peptidyl-tyrosine phosphorylation",1.49662297065465,0.0329135371620767,"activated",51,2,"AREG; CASS4","17; 44","1.905; 1.338","immune; uncharacterised"
"GO:0043122","regulation of canonical NF-kappaB signal transduction",1.49403024482129,0.00835883194343135,"activated",100,2,"IKBKB; FASLG","39; 144","1.464; 0.213","signalling; immune"
"GO:0016311","dephosphorylation",1.48519811420325,0.0209188941481796,"activated",55,1,"DUSP2","124","0.354","signalling"
"GO:0050866","negative regulation of cell activation",1.47630142535934,0.0305439952437574,"activated",67,6,"IL10; HLX; CD86; TIGIT; MERTK; STAT5A","36; 47; 57; 75; 85; 96","1.539; 1.312; 1.164; 0.914; 0.811; 0.63","immune; uncharacterised; immune; immune; immune; signalling"
"GO:0032640","tumor necrosis factor production",1.47463060795722,0.0337535372580755,"activated",67,1,"IL10","36","1.539","immune"
"GO:0032680","regulation of tumor necrosis factor production",1.47463060795722,0.0337535372580755,"activated",67,1,"IL10","36","1.539","immune"
"GO:0002573","myeloid leukocyte differentiation",1.47200329152165,0.0193206044997189,"activated",75,3,"TRIB1; GPR183; STAT5A","14; 35; 96","1.991; 1.552; 0.63","signalling; uncharacterised; signalling"
"GO:0071375","cellular response to peptide hormone stimulus",1.4688090335815,0.0113143854411444,"activated",77,8,"RAF1; NCOA2; IRS2; PRKDC; NR4A2; STAT5A; SOCS3; PDE3B","21; 22; 26; 46; 94; 96; 103; 139","1.863; 1.79; 1.728; 1.313; 0.675; 0.63; 0.563; 0.248","signalling; epigenetic; signalling; uncharacterised; apoptosis; signalling; signalling; uncharacterised"
"GO:0043549","regulation of kinase activity",1.46426849459767,0.00331389308751176,"activated",121,5,"TRIB1; IRS2; CASS4; RAPGEF2; PIK3R5","14; 26; 44; 62; 154","1.991; 1.728; 1.338; 1.079; 0.137","signalling; signalling; uncharacterised; signalling; immune"
"GO:0060326","cell chemotaxis",1.45583253968014,0.0146119229985294,"activated",93,6,"TREM1; GPR183; IL10; PLA2G7; DOCK4; PDE4B","11; 35; 36; 81; 137; 148","2.127; 1.552; 1.539; 0.872; 0.262; 0.191","immune; uncharacterised; immune; immune; uncharacterised; uncharacterised"
"GO:0032102","negative regulation of response to external stimulus",1.45309532409589,0.00580375891620695,"activated",105,4,"TRIB1; IL10; KLRD1; SOCS3","14; 36; 45; 103","1.991; 1.539; 1.32; 0.563","signalling; immune; immune; signalling"
"GO:0040029","epigenetic regulation of gene expression",1.44954211408783,0.0300432556255229,"activated",62,2,"JARID2; PCGF3","13; 84","1.994; 0.85","epigenetic; epigenetic"
"GO:0045055","regulated exocytosis",1.44721838663949,0.0360923560361148,"activated",50,3,"SNAP23; VPS18; PTGDR","112; 141; 145","0.51; 0.229; 0.212","uncharacterised; uncharacterised; uncharacterised"
"GO:0071219","cellular response to molecule of bacterial origin",1.44613477362668,0.0361297859268672,"activated",71,4,"TRIB1; IL10; CD86; PDE4B","14; 36; 57; 148","1.991; 1.539; 1.164; 0.191","signalling; immune; immune; uncharacterised"
"GO:0001764","neuron migration",1.44379051872081,0.042110550269569,"activated",41,4,"KIAA0319L; RAPGEF2; NR4A2; AUTS2","60; 62; 94; 98","1.151; 1.079; 0.675; 0.603","uncharacterised; signalling; apoptosis; epigenetic"
"GO:0006650","glycerophospholipid metabolic process",1.4371480456307,0.0134910176042816,"activated",71,3,"PLA2G7; ACSL3; PIK3R5","81; 95; 154","0.872; 0.642; 0.137","immune; metabolism; immune"
"GO:0043434","response to peptide hormone",1.43581288970354,0.00592418685797645,"activated",108,11,"AREG; RAF1; NCOA2; IRS2; IL10; PRKDC; NR4A2; STAT5A; SOCS3; BTG2; PDE3B","17; 21; 22; 26; 36; 46; 94; 96; 103; 119; 139","1.905; 1.863; 1.79; 1.728; 1.539; 1.313; 0.675; 0.63; 0.563; 0.424; 0.248","immune; signalling; epigenetic; signalling; immune; uncharacterised; apoptosis; signalling; signalling; apoptosis; uncharacterised"
"GO:0098727","maintenance of cell number",1.43521988646093,0.0439864847690553,"activated",59,1,"RAF1","21","1.863","signalling"
"GO:0001906","cell killing",1.43490229571673,0.0337535372580755,"activated",84,4,"PRF1; TREM1; KLRD1; KIR3DL1","2; 11; 45; 113","3.151; 2.127; 1.32; 0.502","immune; immune; immune; immune"
"GO:0034976","response to endoplasmic reticulum stress",1.41739148549279,0.0329135371620767,"activated",78,3,"PARP16; MARCKS; PPP1R15A","108; 120; 143","0.518; 0.406; 0.215","uncharacterised; signalling; signalling"
"GO:0045785","positive regulation of cell adhesion",1.41677642141678,0.00376426935327874,"activated",162,6,"IL10; CASS4; HLX; CD86; CD46; F11R","36; 44; 47; 57; 63; 97","1.539; 1.338; 1.312; 1.164; 1.069; 0.614","immune; uncharacterised; uncharacterised; immune; uncharacterised; uncharacterised"
"GO:0051260","protein homooligomerization",1.41489905886383,0.0480745799322745,"activated",63,1,"PRF1","2","3.151","immune"
"GO:0010721","negative regulation of cell development",1.40937665095205,0.0371458938874669,"activated",77,6,"TRIB1; HLX; RAPGEF2; STAT5A; IFRD1; BTG2","14; 47; 62; 96; 115; 119","1.991; 1.312; 1.079; 0.63; 0.463; 0.424","signalling; uncharacterised; signalling; signalling; uncharacterised; apoptosis"
"GO:0097529","myeloid leukocyte migration",1.40807744869278,0.045872583597482,"activated",67,3,"TREM1; PLA2G7; PDE4B","11; 81; 148","2.127; 0.872; 0.191","immune; immune; uncharacterised"
"GO:0006913","nucleocytoplasmic transport",1.39596685777877,0.0306616814555412,"activated",110,1,"AGFG1","138","0.256","uncharacterised"
"GO:0051169","nuclear transport",1.39596685777877,0.0306616814555412,"activated",110,1,"AGFG1","138","0.256","uncharacterised"
"GO:0051259","protein complex oligomerization",1.37847771842029,0.0448851908103228,"activated",80,1,"PRF1","2","3.151","immune"
"GO:0045859","regulation of protein kinase activity",1.3777202721574,0.0166233510566775,"activated",110,4,"TRIB1; CASS4; RAPGEF2; PIK3R5","14; 44; 62; 154","1.991; 1.338; 1.079; 0.137","signalling; uncharacterised; signalling; immune"
"GO:0046486","glycerolipid metabolic process",1.3775098200401,0.0204377293865218,"activated",99,4,"GK5; PLA2G7; ACSL3; PIK3R5","64; 81; 95; 154","1.067; 0.872; 0.642; 0.137","uncharacterised; immune; metabolism; immune"
"GO:0042330","taxis",1.37650015648886,0.025491732872765,"activated",122,6,"TREM1; GPR183; IL10; PLA2G7; DOCK4; PDE4B","11; 35; 36; 81; 137; 148","2.127; 1.552; 1.539; 0.872; 0.262; 0.191","immune; uncharacterised; immune; immune; uncharacterised; uncharacterised"
"GO:0006935","chemotaxis",1.37566516795323,0.015458569886223,"activated",122,6,"TREM1; GPR183; IL10; PLA2G7; DOCK4; PDE4B","11; 35; 36; 81; 137; 148","2.127; 1.552; 1.539; 0.872; 0.262; 0.191","immune; uncharacterised; immune; immune; uncharacterised; uncharacterised"
"GO:0048638","regulation of developmental growth",1.37295227907719,0.0402354737865725,"activated",83,6,"JARID2; HLX; STAT5A; TRPV2; IFRD1; SPAG9","13; 47; 96; 100; 115; 156","1.994; 1.312; 0.63; 0.583; 0.463; 0.13","epigenetic; uncharacterised; signalling; immune; uncharacterised; uncharacterised"
"GO:0007409","axonogenesis",1.36875842106253,0.0204687236607236,"activated",96,8,"RPS6KA5; PRDM8; NR4A2; AUTS2; TRPV2; KALRN; IFRD1; SIPA1L1","23; 42; 94; 98; 100; 106; 115; 135","1.774; 1.365; 0.675; 0.603; 0.583; 0.536; 0.463; 0.273","signalling; epigenetic; apoptosis; epigenetic; immune; uncharacterised; uncharacterised; uncharacterised"
"GO:0006887","exocytosis",1.36808882058715,0.0305439952437574,"activated",78,3,"SNAP23; VPS18; PTGDR","112; 141; 145","0.51; 0.229; 0.212","uncharacterised; uncharacterised; uncharacterised"
"GO:0007015","actin filament organization",1.36036400053795,0.020397006485846,"activated",108,3,"RHOU; F11R; MARCKS","66; 97; 120","1.041; 0.614; 0.406","uncharacterised; uncharacterised; signalling"
"GO:0043086","negative regulation of catalytic activity",1.36012226597141,0.0192168693793594,"activated",107,4,"TRIB1; RAF1; IRS2; CAND1","14; 21; 26; 130","1.991; 1.863; 1.728; 0.293","signalling; signalling; signalling; uncharacterised"
"GO:0002237","response to molecule of bacterial origin",1.35752699662279,0.0329135371620767,"activated",103,5,"TRIB1; IL10; CD86; FASLG; PDE4B","14; 36; 57; 144; 148","1.991; 1.539; 1.164; 0.213; 0.191","signalling; immune; immune; immune; uncharacterised"
"GO:0051338","regulation of transferase activity",1.35395085471902,0.0240340375980216,"activated",134,5,"TRIB1; IRS2; CASS4; RAPGEF2; PIK3R5","14; 26; 44; 62; 154","1.991; 1.728; 1.338; 1.079; 0.137","signalling; signalling; uncharacterised; signalling; immune"
"GO:0030099","myeloid cell differentiation",1.33903585173385,0.0360069385633436,"activated",133,7,"HIF1A; TRIB1; GPR183; PRKDC; STAT5A; SNRK; ACVR1B","1; 14; 35; 46; 96; 125; 155","3.18; 1.991; 1.552; 1.313; 0.63; 0.344; 0.13","signalling; signalling; uncharacterised; uncharacterised; signalling; uncharacterised; uncharacterised"
"GO:0030900","forebrain development",1.33273642171247,0.0348796535723141,"activated",69,9,"HIF1A; AKNA; PRDM8; OTX1; RAPGEF2; NR4A2; BTG2; NDST1; DNAJB1","1; 7; 42; 53; 62; 94; 119; 121; 132","3.18; 2.244; 1.365; 1.215; 1.079; 0.675; 0.424; 0.388; 0.287","signalling; epigenetic; epigenetic; uncharacterised; signalling; apoptosis; apoptosis; uncharacterised; apoptosis"
"GO:0120031","plasma membrane bounded cell projection assembly",1.3192220629637,0.0315373456451081,"activated",154,7,"LAMA5; RAPGEF2; AUTS2; RPGR; RPGRIP1; DNMBP; CCDC146","48; 62; 98; 131; 160; 161; 162","1.262; 1.079; 0.603; 0.289; 0.118; 0.111; 0.094","uncharacterised; signalling; epigenetic; uncharacterised; uncharacterised; uncharacterised; uncharacterised"
"GO:0043410","positive regulation of MAPK cascade",1.31076390117967,0.0434779734080886,"activated",143,7,"RELL1; RAF1; GPR183; RAPGEF2; NDST1; PIK3R5; SPAG9","5; 21; 35; 62; 121; 154; 156","2.416; 1.863; 1.552; 1.079; 0.388; 0.137; 0.13","apoptosis; signalling; uncharacterised; signalling; uncharacterised; immune; uncharacterised"
"GO:0044089","positive regulation of cellular component biogenesis",1.30144041704414,0.0406805507898787,"activated",117,4,"ATG2A; TPPP; AUTS2; CAND1","31; 80; 98; 130","1.656; 0.879; 0.603; 0.293","uncharacterised; uncharacterised; epigenetic; uncharacterised"
